名字,特点,吃鱼效果,供奉进度,出现地点,重量,力量系数K,体力,图鉴描述,,,
河纹鱼,身体上有像流水一样的纹路，游动时鳞片会随着水流反光。,恢复基础饥饿值。,1,河流,,,,“喜欢逆着水流游动的小鱼，据说它们一生都在寻找最平静的水面。”,,,
青叶鱼,鳞片呈淡绿色，经常停留在漂浮的树叶下面。,恢复饥饿值。,1,森林湖。,,,,“它们很擅长隐藏自己，有时候连靠近湖边的小猫都会误以为那是一片叶子。”,,,
小银鱼,体型小，总是成群出现。,少量恢复饥饿，多人一起食用时，获得轻微速度加成。,1,河流、森林湖。,,,,“一条小银鱼并不起眼，但当它们聚在一起时，整个湖面都会闪闪发光。”,,,
太阳鲫,喜欢在阳光照射到的水面活动，鳞片会反射出金黄色光泽。,恢复基础饥饿值，短时间减少钓鱼体力消耗速度。,1,森林湖。,,,,“它们喜欢晒太阳，偶尔会把肚皮朝上漂在水面，让经过的小猫误以为它们睡着了。”,,,
泡泡鱼,"会连续吐出一串小气泡。
 尾巴摆动更频繁
 更容易触发猫咪开心动作",恢复少量饥饿值，食用后猫咪会获得短暂中毒吐泡泡。,1,森林湖。,,,,“它们总是很紧张，所以每天都要练习吐很多泡泡来安慰自己。”,,,
石斑小鱼,身体颜色接近河边石头，经常躲在石缝中。,恢复中等饥饿值，有几率晕倒/增加饥饿下降速度。,1,河流。,,,,“如果它们不动，连最细心的小猫也很难发现它们藏在哪里。”,,,
长须鱼,嘴边长着细长触须，行动缓慢，经常安静地待在湖底。,恢复较多饥饿值。,1,森林湖。,,,,“它们一点也不着急，好像觉得整个湖的一天时间都属于自己。”,,,
红叶鱼,鳞片颜色接近森林里的红色叶片。,恢复饥饿值。,2,森林湖。,,,,“它们像把森林的一片秋天藏在了自己的身上。”,,,
泥鳞鱼,喜欢在泥沙中活动，身上的鳞片颜色比较暗。,恢复较多饥饿值。,1,河流。,,,,“它们不喜欢干净明亮的水，反而觉得泥巴里才是最舒服的家。”,,,
小彩鱼,身体有多种颜色，非常容易吸引小猫注意。,恢复少量饥饿。,3,森林湖。,,,,“很多小猫第一次来到湖边时，都是因为看见了它们停下脚步。”,,,
巨鳞鲤,"体型巨大，背部有厚重鳞片，游动时会产生明显水流。
 钓到时表现：
 湖面出现大范围波纹
 猫咪被拉向水边
 鱼竿产生巨大压力",恢复大量饥饿值，增加较长时间饱腹效果。,2,森林湖。,,,,“湖里的老人说，看见巨鳞鲤跳出水面的那一天，说明湖水依然充满生命。”,,,
森林长尾鱼,"尾鳍非常长，游动时像一条彩色丝带划过湖面。
 表现：
 更容易触发开心动作
 尾巴摆动增加",恢复大量状态。,2,森林湖。,,,,“它们很少靠近岸边，所以很多小猫一生只会见到它一次。”,,,
黑岩鲶,身体颜色接近河底岩石，力量非常强。,生吃：恢复饥饿有中毒风险熟食：高恢复 增加短时间体力。,2,河流。,,,,“它们安静地生活在河底，只有钓鱼的小猫才能发现它们真正的力量。”,,,
银月鳟,"鳞片会反射特殊光芒。
 只在特殊湖泊活动时出现。",恢复大量饥饿值。,3,森林湖。,,,,“它们不会追逐光芒，而是让光芒追随自己。”,,,
古木鱼,"年龄极大，背部有类似树纹的纹路。
 钓起时：
 水面震动
 周围动物聚集
 触发多人围观",不推荐食用。食用：触发特殊森林记忆。解锁：森林过去片段圣猫故事,5,森林湖。,,,,“有人说它比森林里的很多树还要年长，只是选择了在水里继续守护这里。”,,,
湖心巨影（多人事件鱼）,"没人确定它是什么。
 第一次出现时：
 湖面会出现巨大阴影。",特殊。建议食用。解锁：“共同捕获记录”。,10,河流，森林湖。,,,,“它不是属于某一只小猫的鱼，而是属于整个湖畔森林的一段回忆。”,,,
雨鳞鱼,鳞片表面会吸附雨水，形成特殊光泽。,恢复饥饿值。,2,河流，森林湖。,,,,“只有下雨的时候才会露出真正的颜色，晴天时它们总是藏在湖底。”“越大的雨鳞鱼，越喜欢在雨最大的时候跃出水面。”,,,
雾隐鱼,身体颜色接近雾气，靠近时会突然消失。,降低体力值消耗，可以变透明。,2,河流，森林湖。,,,,“雾隐鱼不会迷路，因为它们一直记得回家的方向。”,,,
花瓣鱼,鳞片边缘像花瓣一样柔软，游过的地方会留下细小光点。,恢复少量饥饿，头上会长小花。,3,河流，森林湖。,,,,“当森林重新开花时，第一批回来迎接春天的，就是这些小鱼。”,,,
晨露鱼,"鱼鳞表面像覆盖了一层露水，清晨阳光照射时会出现细小光点。
 它们喜欢在太阳刚升起的时候靠近水面。",恢复少量饥饿值，短时间移速加成。,2,河流，森林湖。,,,,“它们总是在森林醒来之前先醒来，好像每天都负责迎接第一缕阳光。”,,,
落叶鱼,背部颜色与落叶相似，经常藏在漂浮的叶子下面。,恢复少量饥饿值。,2,河流，森林湖。,,,,“它们喜欢把自己藏起来，但又总是忍不住偷偷观察岸边的小猫。”,,,
泉眼鱼,"生活在森林最清澈的水域，身体颜色非常透明。
 游动时几乎看不见。",恢复较多饥饿值。,1,河流，森林湖。,,,,“只有森林愿意分享秘密的时候，才会带领小猫找到它们。”,,,
荧光鳍鱼,"鱼鳍会散发微弱光芒。
 不是夜晚出现，而是在森林恢复后逐渐增加。",增加森林探索时：萤火虫增多环境互动反馈,3,河流，森林湖。,,,,“当森林重新充满生命时，它们会成为湖水里的第一批小灯。”,,,
温泉鱼,"身体温度比普通鱼稍高。
 离开水后会冒出小小热气。",恢复饥饿值。,1,河流，森林湖。,,,,“它们喜欢待在温暖的地方，和喜欢晒太阳的小猫有一点像。”,,,
风铃鱼,鳞片互相碰撞时会发出轻微声音。,恢复少量饥饿，加变声器。,3,河流，森林湖。,,,,“它们不会唱歌，只是把森林的声音带在了身上。”,,,
星辉鱼,尾鳍会随着极光颜色变化，像把星空藏在身体里。,恢复大量状态，身体有星星环绕特效。,3,河流，森林湖。,,,,“传说只有愿意一起守护森林的小猫，才能看到它真正的模样。”,,,
月纹鱼,身上有类似月亮形状的纹路。,饥饿状态回满，散发微光。,3,极光活动森林湖。,,,,“白天找不到它们，不是因为它们不存在，而是因为它们不喜欢被阳光打扰。”,,,
圣纹鱼,鳞片上出现类似圣猫神纹的图案。,不推荐食用。食用后：触发圣猫记忆。,5,祭坛附近水域。,,,,“传说它们曾经陪伴圣猫守护森林，在很久以前就学会了记住这里的一切。”,,,
星愿鱼,身体散发柔和光芒。,恢复全部状态。获得短暂“森林祝福”。效果：猫咪动作更加活跃 解锁：森林过去片段圣猫故事,5,恢复后的森林湖。,,,,“当森林终于恢复的时候，它们会游回湖中央，像是在庆祝一个漫长等待的结束。”,,,
咸鱼,"
 虽然不能吃
 但是：
 “拿来吓唬朋友很好用。”",（咸鱼干）效果：猫咪被打一个趔趄后退几步原地炸毛投掷远距离命中：玩家被轻微击退翻滚一下掉落当前手上的小物品（可选）,2,河流,,,,,,,
,,,,,,,,,,,
臭臭鱼,"
 味道臭臭的。",臭鱼多人互动：投掷后：附近玩家暂时无法靠近猫咪出现嫌弃表情触发捂鼻动作不会造成惩罚。,-1,河流 森林湖。,,,,,,,
弹跳鱼,"离开水后会不断跳动。
 表现：
 猫咪吓一跳
 尾巴炸毛
 原地跳开",效果：鱼会弹跳撞到附近猫咪。,2,河流,,,,,,,
睡眠鱼,捕获后依然半睡半醒。,食用：降低体力值消耗 互动：放在营地：附近猫咪容易打哈欠。,2,河流,,,,,,,
泡沫鱼,受到刺激会吐出大量泡泡。,效果：猫咪追逐泡泡自动触发玩耍动作,3,河流,,,,,,,
伪装鱼,会改变颜色。,短时间改变猫咪外观颜色。,2,河流,,,,,,,
荧斑河豚,"受到惊吓时身体会膨胀，身上的荧光斑点会变亮。
 外表非常可爱，容易让小猫误以为很好吃。",晕倒,2,河流,,,,,,,
苦叶鱼,长期生活在特殊水草区域，体内积累了苦味物质。,持续减少状态大量食用：可能晕倒。,2,森林湖。,,,,,,,
黑纹鳗,"身体黑色纹路明显，喜欢躲在水底。
 钓上来时：
 会剧烈挣扎。",晕倒,2,河流，森林湖。,,,,,,,
迷幻花鱼,"身体颜色鲜艳，像森林里的花。
 非常容易吸引小猫。",生吃：短暂产生特殊视觉效果然后晕倒。,3,森林湖。,,,,,,,
睡梦鱼,捕获后会保持安静，像是在睡觉。,"过量：
 猫咪犯困行走困难原地睡着",3,河流，森林湖。,,,,,,,
青鳞鲫,,恢复少量饥饿值。,1,河流，森林湖,0.2~1.5,1,30,“森林里最常见的小鱼，总是在浅水边寻找食物。虽然不起眼，但每片水域都有它们生活过的痕迹。”,,,酵
河口鲈,,恢复较多饥饿值。食用后短时间增加体力恢复速度.,2,河流,1~5 ,1.6,60,“喜欢藏在水流变化的位置，等待经过的小鱼。很多小猫第一次挑战大鱼，就是从它开始。”,,,腥
金鳞鲤,,恢复大量饥饿。有概率获得“好运”状态：下一次钓鱼等待时间降低。,3,,1~6,1.6,70,“传说看到金色鳞片的小猫，一整天都会遇到好事情。虽然没人知道是真是假，但大家都喜欢相信。”,,,香
泥鳅,,恢复少量饥饿，猫咪食用后可能获得“满嘴泥巴”搞笑状态,,河流,0.05~0.5,0.8,15,“它们总喜欢钻进泥巴里，只露出一点点脑袋观察路过的小猫。”,,,酵
鲶鱼,,恢复大量饥饿。增加黄色体力。,2,河流,3~15,2,120,“很多小猫第一次见到它时，都以为水里藏着怪物。”,,,腥
鳜鱼,,恢复大量饥饿。,2,河流,1~8,1.8,100,“安静的时候像一块石头，但一旦发现猎物，就会瞬间爆发。”,,,腥
